name,pmid,link
32542367_sci_hub.pdf,32542367,https://drive.google.com/file/d/1xdBUh30ywpfWsTs0TULlIc50f_-Tp5-P/view?usp=drivesdk
30045184_sci_hub.pdf,30045184,https://drive.google.com/file/d/1yExaWO2ohAKiwBmg8bM17Lo2IV8etEog/view?usp=drivesdk
22743955_sci_hub.pdf,22743955,https://drive.google.com/file/d/1yVc1h4VPYgC6KtErPP6c7PNXAJJUNSh5/view?usp=drivesdk
19995687_sci_hub.pdf,19995687,https://drive.google.com/file/d/1ylwYLwvwqNLUNvUILNsCvBVGvUl_N50h/view?usp=drivesdk
19010754_sci_hub.pdf,19010754,https://drive.google.com/file/d/1ym--aHCUqC4JSJ38CRGz82lDzk0O7Pbp/view?usp=drivesdk
24481538_sci_hub.pdf,24481538,https://drive.google.com/file/d/1z1an-grmT6xh5NB4mwRE0yRwcPiUfTpe/view?usp=drivesdk
32266284_sci_hub.pdf,32266284,https://drive.google.com/file/d/1zH6QUHN62nVz8q-9KW6orrw6GDkbId1b/view?usp=drivesdk
20595863_sci_hub.pdf,20595863,https://drive.google.com/file/d/1zN9PTFOifVwf9SE53wLRU6iaoPBXeoMK/view?usp=drivesdk
10954315_sci_hub.pdf,10954315,https://drive.google.com/file/d/1vN5YAxU1KZ1ufxN3swpQmAEMvZQ603xS/view?usp=drivesdk
19701878_sci_hub.pdf,19701878,https://drive.google.com/file/d/1vRi4slnPAVqKN1GLXq6lGt1mOAkMcyRs/view?usp=drivesdk
27348018_sci_hub.pdf,27348018,https://drive.google.com/file/d/1vvoF6oAjUyaw8ggy_Jp_ZrfPiXSsdygX/view?usp=drivesdk
30054167_sci_hub.pdf,30054167,https://drive.google.com/file/d/1w3VLsIQ4Y1ZcRE07-bZnyuu6DvykBNQw/view?usp=drivesdk
31305190_sci_hub.pdf,31305190,https://drive.google.com/file/d/1w5JYCeZhLGcNM5-FFRGafA3COvlfMUPQ/view?usp=drivesdk
22960057_sci_hub.pdf,22960057,https://drive.google.com/file/d/1wQ6ihO-d-73QEM9PwAgVJk02ZTD1jy0W/view?usp=drivesdk
26979182_sci_hub.pdf,26979182,https://drive.google.com/file/d/1wj1RdeRE2LQs0DhvJC_2MH_Ivxk613Wd/view?usp=drivesdk
29625866_sci_hub.pdf,29625866,https://drive.google.com/file/d/1wtIuAKGl4DywEl6HCmBjsfQb3EfxRpkD/view?usp=drivesdk
35372492_sci_hub.pdf,35372492,https://drive.google.com/file/d/1xZsBaUaxfWZ_mL_axpX_Z-VvaDkMz_ji/view?usp=drivesdk
18470830_sci_hub.pdf,18470830,https://drive.google.com/file/d/1tKMhPZ30TO_kVt8M22h1iWKF20VL78h7/view?usp=drivesdk
3083358_sci_hub.pdf,3083358,https://drive.google.com/file/d/1tc_qEX9GyZ_0_2u5Hz55dvdLAvBpjjoQ/view?usp=drivesdk
17569607_sci_hub.pdf,17569607,https://drive.google.com/file/d/1tcubOduJAff5uml4mR1CRCW38n8KhRgL/view?usp=drivesdk
18437453_sci_hub.pdf,18437453,https://drive.google.com/file/d/1tjqarKQ1kJ0qcNhQPZVel7rrISNZqNRG/view?usp=drivesdk
11783965_sci_hub.pdf,11783965,https://drive.google.com/file/d/1uU3aBVkILgg6wqfYJ5BPlhXC-m5d9y_n/view?usp=drivesdk
26267582_sci_hub (1).pdf,26267582,https://drive.google.com/file/d/1ulrKgP_SDoiSCH8PimDKROdw2FPad8yW/view?usp=drivesdk
24317213_sci_hub.pdf,24317213,https://drive.google.com/file/d/1uo-BmZAcQ6xItBbj1vaWiF1mTD40wi8x/view?usp=drivesdk
7719600_sci_hub.pdf,7719600,https://drive.google.com/file/d/1uurgGsOPKFhfO728qbz3RvUr5CXqexPo/view?usp=drivesdk
32983440_sci_hub.pdf,32983440,https://drive.google.com/file/d/1v2Bbca_MpTBXNKouiXd-z3gsyTPDEzyj/view?usp=drivesdk
2025755_sci_hub.pdf,2025755,https://drive.google.com/file/d/1r_LlfWkW1-SQQBI_E22xe53aJnl7CFer/view?usp=drivesdk
19944241_sci_hub.pdf,19944241,https://drive.google.com/file/d/1rtfSX--SVFc0AnmEn1GF1aSUhtHN_Uyt/view?usp=drivesdk
20048608_sci_hub.pdf,20048608,https://drive.google.com/file/d/1rvNYD_TCCtkG43foMnXAHWsb3jqH8Giw/view?usp=drivesdk
20009835_sci_hub.pdf,20009835,https://drive.google.com/file/d/1sJskcCDKxvYU9ikRFnoO1WPf1_XGl3Ue/view?usp=drivesdk
32158663_sci_hub.pdf,32158663,https://drive.google.com/file/d/1sVf1a0MlHn6vg5KrE2W2txIyLCsi-3kU/view?usp=drivesdk
31624659_sci_hub.pdf,31624659,https://drive.google.com/file/d/1saaY4CBRaKlc0JO0tuEbhevzAkkbIRoi/view?usp=drivesdk
34972755_sci_hub.pdf,34972755,https://drive.google.com/file/d/1sddYclguMup5aYvByzMDPXo47IQ_rD6f/view?usp=drivesdk
20595862_sci_hub.pdf,20595862,https://drive.google.com/file/d/1sxwsjAUnvTSF-RIZNVnw-IwhBL17vnw7/view?usp=drivesdk
23629087_sci_hub.pdf,23629087,https://drive.google.com/file/d/1t0uDlo_dqnr9ykKHuPd3ObomPDUjukyk/view?usp=drivesdk
12833327_sci_hub.pdf,12833327,https://drive.google.com/file/d/1tDTVomzHGieKV9_aXwgEyq1vOAh3_d7G/view?usp=drivesdk
16217461_sci_hub.pdf,16217461,https://drive.google.com/file/d/1omoA5MrcoGgPpqCixlIonvpk8-2h7PKd/view?usp=drivesdk
32036794_sci_hub.pdf,32036794,https://drive.google.com/file/d/1owJCPY2NQMcovwiJ5q0jIlocLfsB-GHJ/view?usp=drivesdk
22540420_sci_hub.pdf,22540420,https://drive.google.com/file/d/1p4bXeYKEHNs2RA4Re_L9gFovgsc3UBHz/view?usp=drivesdk
30333080_sci_hub.pdf,30333080,https://drive.google.com/file/d/1pxu1fRZadpVvSDGAOJ_6wVC1ZhPSKXd5/view?usp=drivesdk
9950533_sci_hub.pdf,9950533,https://drive.google.com/file/d/1q5A3r3X87WTk5TMwgYEzQtr9NAnVmR5S/view?usp=drivesdk
19801918_sci_hub.pdf,19801918,https://drive.google.com/file/d/1qIlzhb-JR8q7ErwOHkCvOQLGzAHvNtvM/view?usp=drivesdk
31987714_sci_hub.pdf,31987714,https://drive.google.com/file/d/1qQs_iuXzflDT8XQgLeykSAHcAkujuEMC/view?usp=drivesdk
19050488_sci_hub.pdf,19050488,https://drive.google.com/file/d/1qaasI3JB1En9GoxZrGoCl69IxsSj-6Ij/view?usp=drivesdk
12755506_sci_hub.pdf,12755506,https://drive.google.com/file/d/1qwZsm8D2FL131Oql0ch25h3ZMAbK2gAH/view?usp=drivesdk
21145243_sci_hub.pdf,21145243,https://drive.google.com/file/d/1mGzlwthfp3BnKengh9kTG_lRX9K7cD1R/view?usp=drivesdk
25469588_sci_hub.pdf,25469588,https://drive.google.com/file/d/1mUsE9PvuR2gph6bAfZxewYX7Mv1gsMYI/view?usp=drivesdk
16399108_sci_hub.pdf,16399108,https://drive.google.com/file/d/1nXkT3GpDXMl5cFIuF4U-GYBul0GEoIH5/view?usp=drivesdk
23935728_sci_hub.pdf,23935728,https://drive.google.com/file/d/1nnyGj2MW1BmR8LWnLPaDyYQPpaJKZZFO/view?usp=drivesdk
23052376_sci_hub.pdf,23052376,https://drive.google.com/file/d/1nuQVtin2NHH1kqnAoqdxZ7Iy9cIxvPsL/view?usp=drivesdk
30325983_sci_hub.pdf,30325983,https://drive.google.com/file/d/1oMlKFEOobEyQH66De2RPgblv_TtbU4M4/view?usp=drivesdk
7743053_sci_hub.pdf,7743053,https://drive.google.com/file/d/1oRZ_tLr_K6zyxnuUA3Kro6FOni0EesO-/view?usp=drivesdk
17077874_sci_hub.pdf,17077874,https://drive.google.com/file/d/1oW6swF0H4p1TRoXovck4CIUhaGf1pwdN/view?usp=drivesdk
7838485_sci_hub.pdf,7838485,https://drive.google.com/file/d/1obWnoshsqNaLVa4N_qjmmm1b6HQNuDuF/view?usp=drivesdk
8047592_sci_hub.pdf,8047592,https://drive.google.com/file/d/1k5Lo707_AWQgLDN6O1Av9Y0cMxlylIrg/view?usp=drivesdk
9495461_sci_hub.pdf,9495461,https://drive.google.com/file/d/1k_e2DngdSDyE3VIwDb7iOpa2G7BMYy0z/view?usp=drivesdk
15114115_sci_hub.pdf,15114115,https://drive.google.com/file/d/1kjyduRMUTYMw6cM49Rr69TER-_mxyIb5/view?usp=drivesdk
23806930_sci_hub.pdf,23806930,https://drive.google.com/file/d/1l9-NhU6ra6bRBQgHPWuIke83pByFkjQU/view?usp=drivesdk
22842408_sci_hub.pdf,22842408,https://drive.google.com/file/d/1lGAB7sbNJyFPwP-lYHxrz3mEDQTlogXx/view?usp=drivesdk
22110814_sci_hub.pdf,22110814,https://drive.google.com/file/d/1lPM-45s7-XJ5jIzHH8AxMEfsu9Dc7yul/view?usp=drivesdk
30844532_sci_hub.pdf,30844532,https://drive.google.com/file/d/1la25dRVYKJNEkXoXq_tpDXzfCq5DzZFE/view?usp=drivesdk
25115378_sci_hub.pdf,25115378,https://drive.google.com/file/d/1lmhXDf-ypJW4q4rajLiRCvIEjmw9ZYMg/view?usp=drivesdk
32917109_sci_hub.pdf,32917109,https://drive.google.com/file/d/1ln_LxGj8tSPoqrrUAEx3PNl7rh4oKWYF/view?usp=drivesdk
31888352_sci_hub.pdf,31888352,https://drive.google.com/file/d/1giR6x-goD2XPYeELEj3m9NNuqeWrusEd/view?usp=drivesdk
17589268_sci_hub.pdf,17589268,https://drive.google.com/file/d/1h05X2uGMpVVoHlTueOWTUIsOVYWQMHhN/view?usp=drivesdk
23313587_sci_hub.pdf,23313587,https://drive.google.com/file/d/1hry61lsU0DcjDnt37d6QI1GIztbo8pL_/view?usp=drivesdk
33853750_sci_hub.pdf,33853750,https://drive.google.com/file/d/1iI9dbwiUO1pFcjp3DX910cXDaNZ_e_9q/view?usp=drivesdk
31348359_sci_hub.pdf,31348359,https://drive.google.com/file/d/1iUv8exbIfNJzHB7BgyR0A3502pgZfvCj/view?usp=drivesdk
22728067_sci_hub.pdf,22728067,https://drive.google.com/file/d/1inkDbKbZVag9m0wuRgIzIbWStMVs1HKR/view?usp=drivesdk
15513597_sci_hub.pdf,15513597,https://drive.google.com/file/d/1j4ik7pFNJQeELWTXVtu5AouLWENR56Nu/view?usp=drivesdk
22451794_sci_hub.pdf,22451794,https://drive.google.com/file/d/1jLS4MrYmDqI_P4KeaECyCr3d5UOxut5K/view?usp=drivesdk
25819525_sci_hub.pdf,25819525,https://drive.google.com/file/d/1jXCnftt9Xw0lYJZqTyqx-iaUhoy7pjen/view?usp=drivesdk
29649064_sci_hub.pdf,29649064,https://drive.google.com/file/d/1jXMSxNISzRQxUmJrBpjiqlagca0Dt_xl/view?usp=drivesdk
22020891_sci_hub.pdf,22020891,https://drive.google.com/file/d/1erqDl1SBTE4GGI4nYKvb4aX6DwH0j1UY/view?usp=drivesdk
22431814_sci_hub.pdf,22431814,https://drive.google.com/file/d/1esoNA8s9keyd-CFzmI38iVyw1nHe3v4z/view?usp=drivesdk
32040004_sci_hub.pdf,32040004,https://drive.google.com/file/d/1eszsd2YXvBlhLiz0Lzdif6IL3KQPKpdb/view?usp=drivesdk
23511741_sci_hub.pdf,23511741,https://drive.google.com/file/d/1f8klSXa5GZSUiHPgNWGuJXXJA1gy6Qt4/view?usp=drivesdk
29668505_sci_hub.pdf,29668505,https://drive.google.com/file/d/1fCoWqJAVCqTcJ1CHJlFQKGNYxqD_zwl5/view?usp=drivesdk
19571737_sci_hub.pdf,19571737,https://drive.google.com/file/d/1fS24B6dgAEnpECHPYvjHBlG1yI4OA18s/view?usp=drivesdk
28002243_sci_hub.pdf,28002243,https://drive.google.com/file/d/1fxOOnLvWnO66UldHnFBARImdWkKOuuXt/view?usp=drivesdk
20651635_sci_hub.pdf,20651635,https://drive.google.com/file/d/1g2hpNrr9kdVEb0QWSxwzQUsrCoeRl1Yw/view?usp=drivesdk
30113447_sci_hub.pdf,30113447,https://drive.google.com/file/d/1g6miTElUXSGk3YR9_veqKjHkhBcrELmf/view?usp=drivesdk
29907429_sci_hub.pdf,29907429,https://drive.google.com/file/d/1gNa-ejetMdK_cdsR0CKXX20Fr5GGT4eq/view?usp=drivesdk
21527865_sci_hub.pdf,21527865,https://drive.google.com/file/d/1cOXrRDrS9n1WuFeKkgFx8Rec2as5y1u5/view?usp=drivesdk
31060989_sci_hub.pdf,31060989,https://drive.google.com/file/d/1dNtis5_BN7P6yBAVN2e4H6ERRE1vO2Rx/view?usp=drivesdk
32334999_sci_hub.pdf,32334999,https://drive.google.com/file/d/1dWCidyQMutVdlfmK6hpfEi8M3rSI0uPm/view?usp=drivesdk
24943646_sci_hub.pdf,24943646,https://drive.google.com/file/d/1doI-40Pw-E_OaAcR6Ls7n_6yU23k4Mpd/view?usp=drivesdk
11818819_sci_hub.pdf,11818819,https://drive.google.com/file/d/1dujJjFTVENSKOTbmMkQ6321oe4r83wq1/view?usp=drivesdk
15613886_sci_hub.pdf,15613886,https://drive.google.com/file/d/1e431kdvHh3GcQlA8DivQKanIT5u6rb76/view?usp=drivesdk
31447219_sci_hub.pdf,31447219,https://drive.google.com/file/d/1e8cEwKLrvzQ_7c0KFAtvRBN0E8GsHnIe/view?usp=drivesdk
27684271_sci_hub.pdf,27684271,https://drive.google.com/file/d/1eOuICdrScFO1vws_uuKpYelNFP27ZKX1/view?usp=drivesdk
22508895_sci_hub.pdf,22508895,https://drive.google.com/file/d/1ehoMtH9xSXYgTWtWL5XmA83gnMcjjKuh/view?usp=drivesdk
23728740_sci_hub.pdf,23728740,https://drive.google.com/file/d/1_BurgykcHj3f1DKkL_NV0aKQrI1R3bIZ/view?usp=drivesdk
20655175_sci_hub.pdf,20655175,https://drive.google.com/file/d/1a-qIEQrfm5jPHKspiUtrH8rIsVwS3DqV/view?usp=drivesdk
19952645_sci_hub.pdf,19952645,https://drive.google.com/file/d/1aU_adszBYPYo0eSOWVlP_115xdajYcl5/view?usp=drivesdk
18798144_sci_hub.pdf,18798144,https://drive.google.com/file/d/1al2H_gYq4U4xTQc_6R68SDAdi3fdKlFL/view?usp=drivesdk
24939829_sci_hub.pdf,24939829,https://drive.google.com/file/d/1b-0_fMEV7lnuJV2YNP4MI5Sr1D7yoLdb/view?usp=drivesdk
1944838_sci_hub.pdf,1944838,https://drive.google.com/file/d/1b6JIunbVoLburADJXF1RNwbbKuUypMd7/view?usp=drivesdk
31403508_sci_hub.pdf,31403508,https://drive.google.com/file/d/1bR0kImQcm38Uhf9aAMberKcf9iEfviHj/view?usp=drivesdk
15793421_sci_hub.pdf,15793421,https://drive.google.com/file/d/1c7QbeCWBWI9sLKQZRT4Huk9cejMyF--j/view?usp=drivesdk
27101446_sci_hub.pdf,27101446,https://drive.google.com/file/d/1ZrTeir_68ergeuWFoW9RYFc3XYsWv1Mb/view?usp=drivesdk
27222117_sci_hub.pdf,27222117,https://drive.google.com/file/d/1b5dZ3_8sLjANI2OFBh1IXuZAQcfsSAh7/view?usp=drivesdk
9092841_sci_hub.pdf,9092841,https://drive.google.com/file/d/1Xk6yLzFfoiDMaGDclvBWtdTIRlZKj42W/view?usp=drivesdk
2764461_sci_hub.pdf,2764461,https://drive.google.com/file/d/1YHq3UTGiF-W1kpeQjYm5zjeSq37wm-EM/view?usp=drivesdk
23929221_sci_hub.pdf,23929221,https://drive.google.com/file/d/1YODVjVX8OYBJGDrhO5Lym3F0Pu860Bsj/view?usp=drivesdk
16641724_sci_hub.pdf,16641724,https://drive.google.com/file/d/1YatGrEXxpHwo8BYY3jkmniJgvXXJfPTi/view?usp=drivesdk
23664575_sci_hub.pdf,23664575,https://drive.google.com/file/d/1YrZWEgWM-x7PgtqcOOhPmmZRpimltZfM/view?usp=drivesdk
18797361_sci_hub.pdf,18797361,https://drive.google.com/file/d/1YygWd11fBtLcWz9soKPZIaFPF05_kCYb/view?usp=drivesdk
24994013_sci_hub.pdf,24994013,https://drive.google.com/file/d/1ZAHM_HHzNABtNwIQq19qWycuSdvl-VC7/view?usp=drivesdk
29598895_sci_hub.pdf,29598895,https://drive.google.com/file/d/1ZGCCsEa6tIXTiPYQwZmyTcufLj0xyyI2/view?usp=drivesdk
19559974_sci_hub.pdf,19559974,https://drive.google.com/file/d/1ZIUPpHhPV8-77M7HIMnOBiSfw1AwcwZ-/view?usp=drivesdk
17471111_sci_hub.pdf,17471111,https://drive.google.com/file/d/1ZPGHqS8uvL-nZWLkOozKaarqIjSf7kRS/view?usp=drivesdk
18842469_sci_hub.pdf,18842469,https://drive.google.com/file/d/1WY-zVJrj_ie2HXoFx5eXoxsylkJ6NhbN/view?usp=drivesdk
27988149_sci_hub.pdf,27988149,https://drive.google.com/file/d/1WdqMsDXduGXChcp9Poet_X3-GkyVE3e2/view?usp=drivesdk
26682119_sci_hub.pdf,26682119,https://drive.google.com/file/d/1XJ3w2g_cjon_J-ZYhDt6TLtdHonrpaHv/view?usp=drivesdk
19350259_sci_hub.pdf,19350259,https://drive.google.com/file/d/1XLeabd5BG9O4XPxCfFXHiGAmVZqctfU-/view?usp=drivesdk
19050523_sci_hub.pdf,19050523,https://drive.google.com/file/d/1XRjc01f4sLPQhG9tZ7oG2sSOHHCuWi7e/view?usp=drivesdk
15148131_sci_hub.pdf,15148131,https://drive.google.com/file/d/1XSY-AS5cpBidNK6z63QKKmQ2_o_wXW7i/view?usp=drivesdk
15468391_sci_hub.pdf,15468391,https://drive.google.com/file/d/1XYbFoXHCqBzp-Gojnbx6Yl5zZvizIOEt/view?usp=drivesdk
29787803_sci_hub.pdf,29787803,https://drive.google.com/file/d/1X__upoLwJIYIGPvMcnFEDaxphEdJWkew/view?usp=drivesdk
23806931_sci_hub.pdf,23806931,https://drive.google.com/file/d/1Xgxa3JKXVSn78hAsaGMlWfJFy96wZ9M3/view?usp=drivesdk
7815134_sci_hub.pdf,7815134,https://drive.google.com/file/d/1TnYYwSLX4poXyLkwH0l8L6KQTFCeAPkw/view?usp=drivesdk
20595861_sci_hub.pdf,20595861,https://drive.google.com/file/d/1TwMUYnwWqhzKGvfYs0Z6orUssH3lLWf7/view?usp=drivesdk
24148699_sci_hub.pdf,24148699,https://drive.google.com/file/d/1U6RHRypbzC0xNG-ZH_5xp8P6E-BcV5Nk/view?usp=drivesdk
29603352_sci_hub.pdf,29603352,https://drive.google.com/file/d/1UBbY6UNgzvR9EkhYs-qwW11vrlX4fNxm/view?usp=drivesdk
23416438_sci_hub.pdf,23416438,https://drive.google.com/file/d/1Ufc8tStVsVvB4Me9Ty5fqmJ3X-YQI7qs/view?usp=drivesdk
3185276_sci_hub.pdf,3185276,https://drive.google.com/file/d/1UqBUpVP6AW0t_gMnzvsKcrckv98NC9wu/view?usp=drivesdk
19319051_sci_hub.pdf,19319051,https://drive.google.com/file/d/1VE1DK0vQDp6weSfC8dT33Zo5ePfN_B7A/view?usp=drivesdk
17638756_sci_hub.pdf,17638756,https://drive.google.com/file/d/1VKfGwL9Yd8TEXa32DWLl313rACC6Z4Xz/view?usp=drivesdk
27353412_sci_hub.pdf,27353412,https://drive.google.com/file/d/1W0WgwMIwVVBJEMttlrlyn8WIO8Kmf3ud/view?usp=drivesdk
32561385_sci_hub.pdf,32561385,https://drive.google.com/file/d/1WFOD7GZFb0YqisF_5hKcFd7Cx-aXZu6p/view?usp=drivesdk
20643594_sci_hub.pdf,20643594,https://drive.google.com/file/d/1Q4uUMfA_i4BJYNwPzw2j4JXNMC0djl8q/view?usp=drivesdk
30377760_sci_hub.pdf,30377760,https://drive.google.com/file/d/1QkIO-wVE3CXeq_dY7fp_DQkdQyjIk2on/view?usp=drivesdk
32165940_sci_hub.pdf,32165940,https://drive.google.com/file/d/1R6uwR9lf-I33qGUF3J8WRhkT-dN9lMWV/view?usp=drivesdk
23096620_sci_hub.pdf,23096620,https://drive.google.com/file/d/1R7srWt-Dk0nKPtMaxv9AP31LRreYQt2h/view?usp=drivesdk
21576665_sci_hub.pdf,21576665,https://drive.google.com/file/d/1RCIs8DwJnPA7ojkvhejBWCoAp9rDanns/view?usp=drivesdk
8457301_sci_hub.pdf,8457301,https://drive.google.com/file/d/1RatZLOzygCYHUdjU0jRVTZfiHCSbyXUa/view?usp=drivesdk
23101452_sci_hub.pdf,23101452,https://drive.google.com/file/d/1Sgafp5bhtbWdfCY-jlFGSK_g7mhoQO1y/view?usp=drivesdk
26947106_sci_hub.pdf,26947106,https://drive.google.com/file/d/1T471XqgolgPQ_5KrnqAzuKOkaMCRqoYo/view?usp=drivesdk
24418152_sci_hub.pdf,24418152,https://drive.google.com/file/d/1TS4bZBnDByVV2YbxyKdtLEYIG6hBQZlJ/view?usp=drivesdk
26584060_sci_hub.pdf,26584060,https://drive.google.com/file/d/1Th9UCozhBxEuzvDOlqCS8au0PjiLqB2o/view?usp=drivesdk
21532419_sci_hub.pdf,21532419,https://drive.google.com/file/d/1MwZwvMDoc1zk7f2diJawY44R8T0mQ2jw/view?usp=drivesdk
14707630_sci_hub.pdf,14707630,https://drive.google.com/file/d/1N4fX_Ccecgd8HvKPVWC3yvtmAu5IKV9F/view?usp=drivesdk
26026222_sci_hub.pdf,26026222,https://drive.google.com/file/d/1NAfmF9uoPBDCWp8JePnGxJkqNgmdyt_f/view?usp=drivesdk
23897744_sci_hub.pdf,23897744,https://drive.google.com/file/d/1Nxv-CErtKRDRKAsOlmPeMmHAExxH4Qx5/view?usp=drivesdk
10944053_sci_hub.pdf,10944053,https://drive.google.com/file/d/1OSB1-RXgOspkznpTCU9S3vmsJOJ8lYJE/view?usp=drivesdk
31688275_sci_hub.pdf,31688275,https://drive.google.com/file/d/1OXedB9yuxr-Ba2s5xolwWJUs_TfDZ33Q/view?usp=drivesdk
15731666_sci_hub.pdf,15731666,https://drive.google.com/file/d/1OiLVqygjdYUhktNN3uMzjLtxnZm4Gaxl/view?usp=drivesdk
26267582_sci_hub.pdf,26267582,https://drive.google.com/file/d/1OsSFjGjvQAHiCCuquww8MbRxYP_1GHHf/view?usp=drivesdk
33085134_sci_hub.pdf,33085134,https://drive.google.com/file/d/1PelNEL8EPzWid30AVnZh0Emofw0VbQch/view?usp=drivesdk
21798833_sci_hub.pdf,21798833,https://drive.google.com/file/d/1Pv4RxA9tOd8A5e_X-1Jjkmmugdfjc-8C/view?usp=drivesdk
21093962_sci_hub.pdf,21093962,https://drive.google.com/file/d/1KltuqMF8HFvZWpHIOea-JbmnipAj2vDA/view?usp=drivesdk
17978883_sci_hub.pdf,17978883,https://drive.google.com/file/d/1LE-6kORjhrESGQ36PaF6i7e9YkNL-zaM/view?usp=drivesdk
29311017_sci_hub.pdf,29311017,https://drive.google.com/file/d/1Ld_AiS4UaPu4KXO7EY911YIKQDzVlq7O/view?usp=drivesdk
25819029_sci_hub.pdf,25819029,https://drive.google.com/file/d/1LiO6w-iZVFK8FyqBCtMKChUmbTPygeyi/view?usp=drivesdk
33191114_sci_hub.pdf,33191114,https://drive.google.com/file/d/1Luab8p615K8UK1gKBSjZrXF2nDTmnYt3/view?usp=drivesdk
10884169_sci_hub.pdf,10884169,https://drive.google.com/file/d/1LwwGUnSJQmiCT-1KrcleLPXBEVDc4zJW/view?usp=drivesdk
22455573_sci_hub.pdf,22455573,https://drive.google.com/file/d/1M3JrPVVEgm8QmsQcq5Z2HAhXkNmPaeDU/view?usp=drivesdk
33834275_sci_hub.pdf,33834275,https://drive.google.com/file/d/1M5aW0zJWFf2Kdo5lrJLZs_HIhE1HJNut/view?usp=drivesdk
31904436_sci_hub.pdf,31904436,https://drive.google.com/file/d/1M6Tb9spIeVqVF0cEv4b4O7hQEns_htTD/view?usp=drivesdk
24467945_sci_hub.pdf,24467945,https://drive.google.com/file/d/1Mp3WcO7i6vIBCeMR8hGLK9ALy47rb-SS/view?usp=drivesdk
30509736_sci_hub.pdf,30509736,https://drive.google.com/file/d/1JddfkKwMclM_wI1OfzZl4X9ds2Ah1XZ8/view?usp=drivesdk
29566121_sci_hub.pdf,29566121,https://drive.google.com/file/d/1JeFCXFRfH62Mo0T3zXJCOtSLh2fyyZPw/view?usp=drivesdk
21558933_sci_hub.pdf,21558933,https://drive.google.com/file/d/1JiS5GKar_Ww8MFeNe3jse3hPT-YYsv5n/view?usp=drivesdk
2221238_sci_hub.pdf,2221238,https://drive.google.com/file/d/1JnvJ6hdBtFkzPCPdtZ5Y0biDEMvdLjB_/view?usp=drivesdk
29026828_sci_hub.pdf,29026828,https://drive.google.com/file/d/1JsI8sIlAzJ-t1zV84zWAHcm67Sbzk3_n/view?usp=drivesdk
21463951_sci_hub.pdf,21463951,https://drive.google.com/file/d/1JuAaIZA4D_xhHJAijwTR4-H5fl8bVze-/view?usp=drivesdk
27501201_sci_hub.pdf,27501201,https://drive.google.com/file/d/1K3Kn_2djXIkjBOBm45mzmCRF7VduolPN/view?usp=drivesdk
22261491_sci_hub.pdf,22261491,https://drive.google.com/file/d/1KWeTCd2PW0EUHDvppFvg60CLORDr7R2U/view?usp=drivesdk
25043990_sci_hub.pdf,25043990,https://drive.google.com/file/d/1KXm54oVK3dEFahft7-joynkT4raf0GkD/view?usp=drivesdk
32266462_sci_hub.pdf,32266462,https://drive.google.com/file/d/1HxSMuZ_kiV-7lLiAXenOGoRypcHLLMId/view?usp=drivesdk
10474465_sci_hub.pdf,10474465,https://drive.google.com/file/d/1IARHbUB2UlQq8Q_zslxffs5DGbES9CA7/view?usp=drivesdk
29088397_sci_hub.pdf,29088397,https://drive.google.com/file/d/1IOObSUVf34QjY2cKhHsE9qVpwYqhMn80/view?usp=drivesdk
32176144_sci_hub.pdf,32176144,https://drive.google.com/file/d/1Ihvx2PLpjzkq4D-oZ7xJ5vFwFbsFIp-I/view?usp=drivesdk
23970401_sci_hub.pdf,23970401,https://drive.google.com/file/d/1IuF4oIlX8FElSg2rFnyIefLwq4T71HhI/view?usp=drivesdk
1908974_sci_hub.pdf,1908974,https://drive.google.com/file/d/1J8pIVwZqZH5EWx9dRoM0hBzSXPTmGSgX/view?usp=drivesdk
22310454_sci_hub.pdf,22310454,https://drive.google.com/file/d/1JS0xMneXWiVfRuYu4BAo1jZi6Wyl_d-T/view?usp=drivesdk
19568051_sci_hub.pdf,19568051,https://drive.google.com/file/d/1JZ_B1miOar-VbSU25gqv-qQGcgLRLDcW/view?usp=drivesdk
23124599_sci_hub.pdf,23124599,https://drive.google.com/file/d/1JabeVo5hqkntH43VMboZ8pct4LBTN_zN/view?usp=drivesdk
34062562_sci_hub.pdf,34062562,https://drive.google.com/file/d/1EvspQYrUdgvETnaFnym-tOPaGz9dKh_J/view?usp=drivesdk
15692342_sci_hub.pdf,15692342,https://drive.google.com/file/d/1F5Id-OC69ZQiG_mUxN1QcZBSEESBMmlQ/view?usp=drivesdk
25915681_sci_hub.pdf,25915681,https://drive.google.com/file/d/1FXz-aQoYTH8Z_hHWMyYfR71tJSoNLu6M/view?usp=drivesdk
23818253_sci_hub.pdf,23818253,https://drive.google.com/file/d/1FjM0dxlTxAiABGXdTWlv7FesTevY83m7/view?usp=drivesdk
20417006_sci_hub.pdf,20417006,https://drive.google.com/file/d/1GvLILrheA6Na292JC36buWVa1gLS0k0O/view?usp=drivesdk
33071505_sci_hub.pdf,33071505,https://drive.google.com/file/d/1GvfxtAbHVmf9cuDwqaajzJgv3P35cX_6/view?usp=drivesdk
32596171_sci_hub.pdf,32596171,https://drive.google.com/file/d/1HEZKdjtfV1bEWEUXYYqwDAWyxNczXrqA/view?usp=drivesdk
28006048_sci_hub.pdf,28006048,https://drive.google.com/file/d/1HaIwVl1_hSPlA45JUu11XEOhDB7oOasS/view?usp=drivesdk
31670745_sci_hub.pdf,31670745,https://drive.google.com/file/d/1HbKmvFl2K5wKWDxipByRKuHk4_KRUzUg/view?usp=drivesdk
20018580_sci_hub.pdf,20018580,https://drive.google.com/file/d/1HeNWI1hCDLQm3ZmSbsxbD6_s9chSaZvK/view?usp=drivesdk
26061795_sci_hub.pdf,26061795,https://drive.google.com/file/d/1CsqGUHtiT-MqSzHeWLJpJBbm1JWxEyyq/view?usp=drivesdk
26761513_sci_hub.pdf,26761513,https://drive.google.com/file/d/1CuNqOjYJLTtRGPe4t9oOprSa1S0AATGn/view?usp=drivesdk
27460946_sci_hub.pdf,27460946,https://drive.google.com/file/d/1DUDL-jLNHzGOfOdNBeOjp78yIeFEkiSt/view?usp=drivesdk
19935298_sci_hub.pdf,19935298,https://drive.google.com/file/d/1DhjT_Gfzdx2OdqvJQc7B43gkg5LtwFQv/view?usp=drivesdk
9734407_sci_hub.pdf,9734407,https://drive.google.com/file/d/1E0oJDNM4yPHoTH7dzTOGkWVSsKdL5A9D/view?usp=drivesdk
34926817_sci_hub.pdf,34926817,https://drive.google.com/file/d/1ECX2vfqx6wvr5KY_KPrY6bkjdQeSUXyo/view?usp=drivesdk
31609948_sci_hub.pdf,31609948,https://drive.google.com/file/d/1ELv-PGTYMfCcF_MuKFnqU9FHH5lKNcnR/view?usp=drivesdk
25824195_sci_hub.pdf,25824195,https://drive.google.com/file/d/1EeSZO_nc4ROhVgQGcBb7RL4RQRa2zCHR/view?usp=drivesdk
24867744_sci_hub.pdf,24867744,https://drive.google.com/file/d/1EmL_ll01D1SQLOBvxqc27lZLEz98ylap/view?usp=drivesdk
11587691_sci_hub.pdf,11587691,https://drive.google.com/file/d/1EmWYxpdegt6FCYrc-YZtZxkSkuhzAFW1/view?usp=drivesdk
3083357_sci_hub.pdf,3083357,https://drive.google.com/file/d/1CVbm7IegKNXkpXa70s9fNuUb-_vr6i10/view?usp=drivesdk
29283938_sci_hub.pdf,29283938,https://drive.google.com/file/d/19hfVOE-IcuiY90DH4hGb0esN4KZujbpC/view?usp=drivesdk
25434708_sci_hub.pdf,25434708,https://drive.google.com/file/d/19ld-3u6nkfu8Mky_zMtnNQUNuN9vUjj9/view?usp=drivesdk
22935815_sci_hub.pdf,22935815,https://drive.google.com/file/d/1AUO7SMG8vTbr278_LnI_f22bvRRd5clb/view?usp=drivesdk
29944527_sci_hub.pdf,29944527,https://drive.google.com/file/d/1BH1jAzW64RWOP25FhOJUB-Z2oHnTRvsY/view?usp=drivesdk
32543100_sci_hub.pdf,32543100,https://drive.google.com/file/d/1C5wPhrrYI3v8VILIvoEdNN3BkdXc96lz/view?usp=drivesdk
26595022_sci_hub.pdf,26595022,https://drive.google.com/file/d/1CWJckPDWyRe02suGw3MnZuKSXmqY5Bsl/view?usp=drivesdk
19319050_sci_hub.pdf,19319050,https://drive.google.com/file/d/1Cf6ZN810Laszmc8whLpUuRkONvua__Lu/view?usp=drivesdk
22722642_sci_hub.pdf,22722642,https://drive.google.com/file/d/17eXqt_SvYWdtLDmfCMr05X0ccHnn9YbN/view?usp=drivesdk
24665853_sci_hub.pdf,24665853,https://drive.google.com/file/d/17kA5kz-JLcT55eTgShDqAP95fzOTFzSD/view?usp=drivesdk
16749192_sci_hub.pdf,16749192,https://drive.google.com/file/d/17qp0UfeC4shnaibo2a-sc3xaQia051oH/view?usp=drivesdk
21865999_sci_hub.pdf,21865999,https://drive.google.com/file/d/181ox4CPlLOFyVHPRNOKNG4_RtP_HLSJF/view?usp=drivesdk
18188778_sci_hub.pdf,18188778,https://drive.google.com/file/d/18AD8Q68ZI7nhmbJgb1sSPGG--DZnD36U/view?usp=drivesdk
22341934_sci_hub.pdf,22341934,https://drive.google.com/file/d/18_6ADGlVHFIrfxH1c2jWZk-o8Llc7MFi/view?usp=drivesdk
32099836_sci_hub.pdf,32099836,https://drive.google.com/file/d/18nDmC7h9Su2sALL_1hXVCBwc4USW5wpk/view?usp=drivesdk
28617736_sci_hub.pdf,28617736,https://drive.google.com/file/d/19IAaAuEWZVGn_wFqzBe_bgh4xKaaXQDj/view?usp=drivesdk
26752232_sci_hub.pdf,26752232,https://drive.google.com/file/d/19TyDAM1kvHCpm4G1sA0401evala27siT/view?usp=drivesdk
32113740_sci_hub.pdf,32113740,https://drive.google.com/file/d/19cQ4dYBn54P6OmP_cLmtw7LghsEzslxf/view?usp=drivesdk
25626821_sci_hub.pdf,25626821,https://drive.google.com/file/d/14IPLrMNKWnA_ATZceIM4LfO9PvhrAelZ/view?usp=drivesdk
11777354_sci_hub.pdf,11777354,https://drive.google.com/file/d/14PkUCRRIvazGyknPhSLXHagIf_kLUmeb/view?usp=drivesdk
2248739_sci_hub.pdf,2248739,https://drive.google.com/file/d/14sSEX5SfYGpF2LNEItfuSfocEXxhqZ5M/view?usp=drivesdk
10517460_sci_hub.pdf,10517460,https://drive.google.com/file/d/15Bb1q5zYo5aYfexeP0fB39LuKUnM2SOo/view?usp=drivesdk
3352435_sci_hub.pdf,3352435,https://drive.google.com/file/d/15J9a25bua-S53Q0MAk_u0NKG6xPdxac_/view?usp=drivesdk
11460296_sci_hub.pdf,11460296,https://drive.google.com/file/d/15ZNfLzZWly96MDAUSht1c_K5f1W5gvSw/view?usp=drivesdk
25878931_sci_hub.pdf,25878931,https://drive.google.com/file/d/15qYxhrQV_KAWxBIW02bB7kczUOB8oxXY/view?usp=drivesdk
21872484_sci_hub.pdf,21872484,https://drive.google.com/file/d/16K2LRRW4xiLyeaB3FZERJZRE2IEPeuO6/view?usp=drivesdk
32049759_sci_hub.pdf,32049759,https://drive.google.com/file/d/17FR08QiwhTgxs9ZyMVU4fOM11KZAwv6d/view?usp=drivesdk
29223635_sci_hub.pdf,29223635,https://drive.google.com/file/d/17WldPZmyEVR0brf6IvRJzNX0pXDo8fEv/view?usp=drivesdk
29381636_sci_hub.pdf,29381636,https://drive.google.com/file/d/12ocXVoBUkj7udoP0z0glfx_VLQ8lzWGM/view?usp=drivesdk
14663218_sci_hub.pdf,14663218,https://drive.google.com/file/d/136XHNXdtvbPyK98KBnQeWB_sny8ZMT5D/view?usp=drivesdk
26143295_sci_hub.pdf,26143295,https://drive.google.com/file/d/13GVmmJf_7A2U4lb1BZtsN41TJ1KOteqI/view?usp=drivesdk
33554200_sci_hub.pdf,33554200,https://drive.google.com/file/d/13Gcar06F6Te7jnJ3BhziiBBBIJS7PDeJ/view?usp=drivesdk
19050524_sci_hub.pdf,19050524,https://drive.google.com/file/d/13HFYPsGNQ8AohPJfKSwoKHUKakbFJgsA/view?usp=drivesdk
32516790_sci_hub.pdf,32516790,https://drive.google.com/file/d/13frqzYoo8aOVYsbrrX2wD6LcZ6da4PVC/view?usp=drivesdk
9010420_sci_hub.pdf,9010420,https://drive.google.com/file/d/13ox5oqUNJXP34mH6DaXn4bJvNSN2H0Jc/view?usp=drivesdk
26316293_sci_hub.pdf,26316293,https://drive.google.com/file/d/13ySrfvFy-eKmONPS-2TjdQaFvXv53FYe/view?usp=drivesdk
21841532_sci_hub.pdf,21841532,https://drive.google.com/file/d/10fXsFt1AvUhX8mfbKtzQtwNiLz9trEK2/view?usp=drivesdk
31083101_sci_hub.pdf,31083101,https://drive.google.com/file/d/11QUs4yZkQjnbxvvZtTP1oYLBqeeZEwXd/view?usp=drivesdk
33232659_sci_hub.pdf,33232659,https://drive.google.com/file/d/11swE6zVq7rUCqs5lHLs-GaHZw7jEumYC/view?usp=drivesdk
25868011_sci_hub.pdf,25868011,https://drive.google.com/file/d/11u9dRdpVt7SUStwRCZXKfqH52VjJ9RVY/view?usp=drivesdk
26002778_sci_hub.pdf,26002778,https://drive.google.com/file/d/12C1M0u2imS5MJgdBI7fq69clgnb2I-5W/view?usp=drivesdk
7946022_sci_hub.pdf,7946022,https://drive.google.com/file/d/12Lz_xnbqJs4KeQoIDw8kmmLc8mAukASQ/view?usp=drivesdk
12068227_sci_hub.pdf,12068227,https://drive.google.com/file/d/12lmBA-3pTjYWo_jcdapgqno76mqDrhyt/view?usp=drivesdk
23352449_sci_hub.pdf,23352449,https://drive.google.com/file/d/12m3DRDoL5VVEh1S4pBsrbcraaIab--_x/view?usp=drivesdk
26719351_sci_hub.pdf,26719351,https://drive.google.com/file/d/1-0dhrJPmCFrZD__zVDfiSp1QAwY02Khg/view?usp=drivesdk
21242425_sci_hub.pdf,21242425,https://drive.google.com/file/d/1-4CNp0mpLIuMLu2InGl8E-4EtMkhBlWW/view?usp=drivesdk
2363914_sci_hub.pdf,2363914,https://drive.google.com/file/d/1-B92KwsIDVgjIlmBGtZ3jpElyDIbkxJl/view?usp=drivesdk
29452877_sci_hub.pdf,29452877,https://drive.google.com/file/d/1-G4RBNCuAXkk13Ar7Rk_YhKsOkG5bU4H/view?usp=drivesdk
29153254_sci_hub.pdf,29153254,https://drive.google.com/file/d/1-JyEHfnKNO8F9UmJW0s_ISrrVhGeoFSY/view?usp=drivesdk
15629163_sci_hub.pdf,15629163,https://drive.google.com/file/d/1-Pt8YlP0A3YABypJ7UxKeddLKBzYhBH2/view?usp=drivesdk
11271435_sci_hub.pdf,11271435,https://drive.google.com/file/d/1-UCs3rD-nyLm-eWxTp3DbjHehYaodIZu/view?usp=drivesdk
19952647_sci_hub.pdf,19952647,https://drive.google.com/file/d/1-dnYTViqhvBX5gEfLkyHdp7dyM8yk3Mb/view?usp=drivesdk
32053138_sci_hub.pdf,32053138,https://drive.google.com/file/d/1-y-XBIiUU26X3eRkUZ-gR16Ps8b_hB0P/view?usp=drivesdk
23684625_sci_hub.pdf,23684625,https://drive.google.com/file/d/10C_rMtBG7oeaStpZkUlWIQJiIN3OmCEX/view?usp=drivesdk
26710031_sci_hub.pdf,26710031,https://drive.google.com/file/d/1zzf8SHCVwVNmCxqRsUd1tnTeMaTH8kPv/view?usp=drivesdk